Metrique,Avec_PID,Sans_PID
Temps de vol (s),365.5,362.25
Portee horizontale (m),248336.752854733,139336.563917575
Altitude maximale (m),250075.506149603,250780.104479367
Vitesse max (m/s),4025.65129963047,3949.20045293222
Temps de separation satellite (s),162.25,158.75
