Metrique,Avec_PID,Sans_PID
Temps de vol (s),366.5,360.25
Portee horizontale (m),265854.945723149,0.00227374301454943
Altitude maximale (m),250820.265224839,250216.213374028
Vitesse max (m/s),4061.3270311964,3895.5373167707
Temps de separation satellite (s),163,157
